"split","Overall","Plane Geometry","Solid Geometry","Functions","Applied","Length","Analytic","Coordinate","Expression","Volume","Property","Angle","Area"
"Vision Only","49.619289340101524","55.09803921568628","27.73109243697479","48.42767295597484","52.293577981651374","59.34065934065934","48.837209302325576","62.5","21.875","35.294117647058826","47.88732394366197","56.476683937823836","29.67032967032967"
